{
  "MambaOut_1token": {
    "micro_f1": 0.5727923627684964,
    "macro_f1": 0.4002650103701003,
    "weighted_f1": 0.5476761034005512,
    "micro_precision": 0.7547169811320755,
    "macro_precision": 0.7798807253352708,
    "weighted_precision": 0.8114263941187018,
    "micro_recall": 0.46153846153846156,
    "macro_recall": 0.35296843662127264,
    "weighted_recall": 0.46153846153846156,
    "hamming_loss": 0.025327201980898478,
    "avg_loss": 0.06936168708342058,
    "avg_accuracy": 0.9750667985747842,
    "macro_auroc": 0.9286013641773444,
    "model_name": "MambaOut_1token",
    "num_parameters": 1048856631,
    "model_size_mb": 4001.0705223083496,
    "spectra_tokens": 1,
    "gaia_tokens": 1,
    "total_tokens": 2
  },
  "MambaOut_19_18token": {
    "micro_f1": 0.5311720698254364,
    "macro_f1": 0.3782996956319206,
    "weighted_f1": 0.5008084742502058,
    "micro_precision": 0.7553191489361702,
    "macro_precision": 0.8241514815933421,
    "weighted_precision": 0.8231481051248491,
    "micro_recall": 0.4096153846153846,
    "macro_recall": 0.32716318993805593,
    "weighted_recall": 0.4096153846153846,
    "hamming_loss": 0.026600636717368235,
    "avg_loss": 0.07450360308694816,
    "avg_accuracy": 0.9738635806476369,
    "macro_auroc": 0.9076569261694153,
    "model_name": "MambaOut_19_18token",
    "num_parameters": 1042237495,
    "model_size_mb": 3975.8205223083496,
    "spectra_tokens": 19,
    "gaia_tokens": 18,
    "total_tokens": 37
  },
  "MambaOut_522_18token": {
    "micro_f1": 0.43383356070941337,
    "macro_f1": 0.317681091771622,
    "weighted_f1": 0.4001355048097796,
    "micro_precision": 0.7464788732394366,
    "macro_precision": 0.7637925206107024,
    "weighted_precision": 0.8038452199509892,
    "micro_recall": 0.3057692307692308,
    "macro_recall": 0.2562947148818309,
    "weighted_recall": 0.3057692307692308,
    "hamming_loss": 0.029359745313052705,
    "avg_loss": 0.0639127927328594,
    "avg_accuracy": 0.9712566417806289,
    "macro_auroc": 0.9072789847083013,
    "model_name": "MambaOut_522_18token",
    "num_parameters": 589799479,
    "model_size_mb": 2249.9064598083496,
    "spectra_tokens": 521,
    "gaia_tokens": 18,
    "total_tokens": 539
  },
  "Transformer_1token": {
    "micro_f1": 0.5781990521327014,
    "macro_f1": 0.4274729765797261,
    "weighted_f1": 0.5581716872874425,
    "micro_precision": 0.7530864197530864,
    "macro_precision": 0.7853783129474828,
    "weighted_precision": 0.8291197036891016,
    "micro_recall": 0.46923076923076923,
    "macro_recall": 0.3873801209532838,
    "weighted_recall": 0.46923076923076923,
    "hamming_loss": 0.025185709232401838,
    "avg_loss": 0.06995481409219452,
    "avg_accuracy": 0.9752004812745487,
    "macro_auroc": 0.9143166825058314,
    "model_name": "Transformer_1token",
    "num_parameters": 1048487991,
    "model_size_mb": 4079.6740379333496,
    "spectra_tokens": 1,
    "gaia_tokens": 1,
    "total_tokens": 2
  },
  "Transformer_19_18token": {
    "micro_f1": 0.575,
    "macro_f1": 0.4395299543292639,
    "weighted_f1": 0.5634446833775288,
    "micro_precision": 0.7027777777777777,
    "macro_precision": 0.6917290373219226,
    "weighted_precision": 0.7638398219209257,
    "micro_recall": 0.48653846153846153,
    "macro_recall": 0.4111470394657531,
    "weighted_recall": 0.48653846153846153,
    "hamming_loss": 0.026459143968871595,
    "avg_loss": 0.07543235587804117,
    "avg_accuracy": 0.9739972703597125,
    "macro_auroc": 0.8805175006243712,
    "model_name": "Transformer_19_18token",
    "num_parameters": 1041377335,
    "model_size_mb": 4052.5490379333496,
    "spectra_tokens": 19,
    "gaia_tokens": 18,
    "total_tokens": 37
  },
  "Transformer_522_18token": {
    "micro_f1": 0.3510204081632653,
    "macro_f1": 0.27293996066723336,
    "weighted_f1": 0.32442588873867156,
    "micro_precision": 0.6,
    "macro_precision": 0.5909386068476978,
    "weighted_precision": 0.6326692751692752,
    "micro_recall": 0.24807692307692308,
    "macro_recall": 0.225633004600009,
    "weighted_recall": 0.24807692307692308,
    "hamming_loss": 0.03374602051644853,
    "avg_loss": 0.07281362063863862,
    "avg_accuracy": 0.967112239669351,
    "macro_auroc": 0.8692244619254474,
    "model_name": "Transformer_522_18token",
    "num_parameters": 585713719,
    "model_size_mb": 2294.3278465270996,
    "spectra_tokens": 521,
    "gaia_tokens": 18,
    "total_tokens": 539
  }
}