{
  "MambaOut_1token": {
    "micro_f1": 0.648493213710605,
    "macro_f1": 0.44019767360941875,
    "weighted_f1": 0.6331661230631901,
    "micro_precision": 0.8468008410934215,
    "macro_precision": 0.72833449576237,
    "weighted_precision": 0.8551760956508818,
    "micro_recall": 0.5254426840633737,
    "macro_recall": 0.39060975258608843,
    "weighted_recall": 0.5254426840633737,
    "hamming_loss": 0.019794669171227776,
    "avg_loss": 0.06348321613390165,
    "avg_accuracy": 0.9802087978883223,
    "macro_auroc": 0.9365813634206961,
    "model_name": "MambaOut_1token",
    "num_parameters": 1048856631,
    "model_size_mb": 4001.0705223083496,
    "spectra_tokens": 1,
    "gaia_tokens": 1,
    "total_tokens": 2
  },
  "MambaOut_19_18token": {
    "micro_f1": 0.5710080941869021,
    "macro_f1": 0.39188978338810226,
    "weighted_f1": 0.5513528396488815,
    "micro_precision": 0.8347077805665113,
    "macro_precision": 0.8196928545073165,
    "weighted_precision": 0.8446243678377104,
    "micro_recall": 0.43392357875116494,
    "macro_recall": 0.32060298443799023,
    "weighted_recall": 0.43392357875116494,
    "hamming_loss": 0.022657641610260064,
    "avg_loss": 0.06945956975625085,
    "avg_accuracy": 0.977342735637318,
    "macro_auroc": 0.9180171013253607,
    "model_name": "MambaOut_19_18token",
    "num_parameters": 1042237495,
    "model_size_mb": 3975.8205223083496,
    "spectra_tokens": 19,
    "gaia_tokens": 18,
    "total_tokens": 37
  },
  "MambaOut_522_18token": {
    "micro_f1": 0.41586638830897704,
    "macro_f1": 0.3172048046436551,
    "weighted_f1": 0.386426619209301,
    "micro_precision": 0.8208791208791208,
    "macro_precision": 0.6768905260934427,
    "weighted_precision": 0.8363394243270471,
    "micro_recall": 0.27847157502329917,
    "macro_recall": 0.2579388029948668,
    "weighted_recall": 0.27847157502329917,
    "hamming_loss": 0.027185283544385788,
    "avg_loss": 0.05974189417140102,
    "avg_accuracy": 0.9728149934248491,
    "macro_auroc": 0.9195925788431726,
    "model_name": "MambaOut_522_18token",
    "num_parameters": 589799479,
    "model_size_mb": 2249.9064598083496,
    "spectra_tokens": 521,
    "gaia_tokens": 18,
    "total_tokens": 539
  },
  "Transformer_1token": {
    "micro_f1": 0.6127140511376965,
    "macro_f1": 0.4297199904008996,
    "weighted_f1": 0.5969472512621229,
    "micro_precision": 0.8263207845618475,
    "macro_precision": 0.6665516162995079,
    "weighted_precision": 0.8424017764295647,
    "micro_recall": 0.4868592730661696,
    "macro_recall": 0.38918645057923024,
    "weighted_recall": 0.4868592730661696,
    "hamming_loss": 0.02138808822100593,
    "avg_loss": 0.064271050177204,
    "avg_accuracy": 0.9786159992218018,
    "macro_auroc": 0.9232279644766381,
    "model_name": "Transformer_1token",
    "num_parameters": 1048487991,
    "model_size_mb": 4079.6740379333496,
    "spectra_tokens": 1,
    "gaia_tokens": 1,
    "total_tokens": 2
  },
  "Transformer_19_18token": {
    "micro_f1": 0.6051339285714286,
    "macro_f1": 0.42187535980467883,
    "weighted_f1": 0.5980576283023766,
    "micro_precision": 0.7541029207232267,
    "macro_precision": 0.6084758659514361,
    "weighted_precision": 0.7944843030193678,
    "micro_recall": 0.5053122087604847,
    "macro_recall": 0.40895790937987625,
    "weighted_recall": 0.5053122087604847,
    "hamming_loss": 0.022916734138679277,
    "avg_loss": 0.06770094966374558,
    "avg_accuracy": 0.9770896434783936,
    "macro_auroc": 0.8928486679737621,
    "model_name": "Transformer_19_18token",
    "num_parameters": 1041377335,
    "model_size_mb": 4052.5490379333496,
    "spectra_tokens": 19,
    "gaia_tokens": 18,
    "total_tokens": 37
  },
  "Transformer_522_18token": {
    "micro_f1": 0.3313002495148323,
    "macro_f1": 0.26079785754393936,
    "weighted_f1": 0.3028429279598295,
    "micro_precision": 0.646295294753921,
    "macro_precision": 0.4934807858571123,
    "weighted_precision": 0.7741481878305133,
    "micro_recall": 0.22273998136067102,
    "macro_recall": 0.23323188374560602,
    "weighted_recall": 0.22273998136067102,
    "hamming_loss": 0.03124655892735693,
    "avg_loss": 0.07056859463432058,
    "avg_accuracy": 0.9687561067667875,
    "macro_auroc": 0.8713998243405207,
    "model_name": "Transformer_522_18token",
    "num_parameters": 585713719,
    "model_size_mb": 2294.3278465270996,
    "spectra_tokens": 521,
    "gaia_tokens": 18,
    "total_tokens": 539
  }
}